41.895,-87.635,106,51,48.113
41.907,-87.656,464,223,48.060
42.060,-87.720,83,38,45.783
41.889,-87.688,1412,590,41.785
41.880,-87.635,3423,1278,37.336
41.769,-87.645,58,21,36.207
41.888,-87.637,84,30,35.714
41.947,-87.740,164,58,35.366
41.904,-87.643,51,18,35.294
41.883,-87.637,2647,927,35.021
41.774,-87.594,60,21,35.000
41.898,-87.643,4508,1544,34.250
41.882,-87.640,7016,2393,34.108
41.892,-87.627,65,22,33.846
41.885,-87.687,131,44,33.588
41.884,-87.696,318,106,33.333
41.752,-87.552,87,29,33.333
41.903,-87.635,169,56,33.136
41.879,-87.640,4757,1565,32.899
41.819,-87.694,177,58,32.768
41.920,-87.760,58,19,32.759
41.935,-87.784,55,18,32.727
41.869,-87.674,853,276,32.356
41.887,-87.702,99,32,32.323
41.883,-87.640,2193,707,32.239
41.949,-87.740,75,24,32.000
41.883,-87.635,1198,381,31.803
41.793,-87.724,60,19,31.667
41.794,-87.711,89,28,31.461
41.916,-87.667,3133,982,31.344
41.888,-87.636,5775,1805,31.255
41.883,-87.641,11710,3660,31.255
41.890,-87.656,93,29,31.183
41.899,-87.716,55,17,30.909
41.871,-87.694,149,46,30.872
41.878,-87.640,2368,726,30.659
41.900,-87.650,981,295,30.071
41.990,-87.690,97,29,29.897
41.892,-87.662,629,188,29.889
41.882,-87.634,731,217,29.685
41.914,-87.699,479,142,29.645
41.880,-87.640,7633,2259,29.595
41.939,-87.737,142,42,29.577
41.992,-87.675,993,293,29.507
41.918,-87.758,95,28,29.474
42.050,-87.700,89,26,29.213
41.878,-87.641,5223,1519,29.083
41.801,-87.585,62,18,29.032
41.890,-87.703,107,31,28.972
41.790,-87.703,295,85,28.814
41.887,-87.659,1163,334,28.719
41.890,-87.640,5799,1663,28.677
41.900,-87.642,450,129,28.667
41.876,-87.641,1755,502,28.604
41.880,-87.655,182,52,28.571
41.894,-87.642,4670,1332,28.522
41.889,-87.638,593,169,28.499
41.865,-87.667,676,192,28.402
41.968,-87.674,4109,1167,28.401
41.882,-87.630,71,20,28.169
41.890,-87.710,128,36,28.125
41.975,-87.698,140,39,27.857
42.040,-87.699,298,83,27.852
42.017,-87.678,155,43,27.742
41.882,-87.641,58,16,27.586
41.859,-87.718,58,16,27.586
41.799,-87.592,69,19,27.536
41.887,-87.660,720,198,27.500
41.900,-87.640,2988,820,27.443
41.886,-87.642,4235,1158,27.344
41.820,-87.690,88,24,27.273
41.822,-87.700,110,30,27.273
41.947,-87.718,595,162,27.227
41.976,-87.716,158,43,27.215
41.840,-87.660,273,74,27.106
41.870,-87.670,915,248,27.104
42.060,-87.700,185,50,27.027
41.881,-87.635,216,58,26.852
41.779,-87.732,109,29,26.606
41.987,-87.719,109,29,26.606
41.889,-87.639,8833,2344,26.537
41.897,-87.636,3993,1058,26.496
41.950,-87.740,155,41,26.452
41.886,-87.635,3441,910,26.446
41.790,-87.610,175,46,26.286
41.810,-87.670,80,21,26.250
41.907,-87.643,317,83,26.183
41.920,-87.670,2072,542,26.158
42.030,-87.670,65,17,26.154
41.900,-87.634,4262,1113,26.115
41.700,-87.610,100,26,26.000
41.957,-87.664,1371,356,25.966
41.889,-87.650,775,201,25.935
41.890,-87.637,2346,608,25.916
41.981,-87.705,85,22,25.882
41.896,-87.654,3034,782,25.775
41.902,-87.630,864,222,25.694
41.953,-87.732,881,226,25.653
41.884,-87.634,3839,979,25.501
41.890,-87.660,2812,712,25.320
41.897,-87.639,151,38,25.166
41.898,-87.638,2412,606,25.124
41.891,-87.635,4279,1073,25.076
41.903,-87.633,1034,259,25.048
41.906,-87.678,84,21,25.000
41.896,-87.682,1425,356,24.982
41.910,-87.620,5947,1482,24.920
42.010,-87.680,253,63,24.901
41.886,-87.667,1744,434,24.885
41.900,-87.643,1244,309,24.839
41.950,-87.688,548,136,24.818
41.903,-87.643,3402,844,24.809
41.895,-87.653,2525,625,24.752
41.885,-87.677,1649,408,24.742
41.880,-87.700,81,20,24.691
41.925,-87.666,2356,580,24.618
41.966,-87.694,752,185,24.601
41.888,-87.655,1681,411,24.450
41.900,-87.689,769,188,24.447
41.880,-87.630,8771,2144,24.444
41.940,-87.646,86,21,24.419
41.842,-87.685,82,20,24.390
41.894,-87.618,78,19,24.359
41.879,-87.651,337,82,24.332
41.872,-87.647,2285,552,24.158
41.884,-87.630,6011,1451,24.139
41.884,-87.659,2996,722,24.099
41.887,-87.648,5204,1252,24.058
41.878,-87.632,2964,713,24.055
41.873,-87.669,1654,397,24.002
42.000,-87.690,121,29,23.967
42.070,-87.680,71,17,23.944
41.922,-87.666,1074,257,23.929
41.886,-87.651,2771,663,23.926
41.890,-87.634,7114,1696,23.840
41.900,-87.660,1356,323,23.820
41.871,-87.674,1297,308,23.747
41.872,-87.670,965,229,23.731
41.903,-87.638,1490,353,23.691
41.850,-87.680,300,71,23.667
41.872,-87.661,2815,666,23.659
41.883,-87.633,2165,512,23.649
41.886,-87.653,753,178,23.639
41.976,-87.680,1803,426,23.627
41.886,-87.631,5682,1337,23.530
41.785,-87.703,85,20,23.529
41.911,-87.682,206,48,23.301
41.878,-87.655,4076,948,23.258
41.874,-87.640,956,222,23.222
41.863,-87.703,112,26,23.214
41.910,-87.700,665,154,23.158
41.928,-87.759,121,28,23.140
41.961,-87.765,117,27,23.077
41.895,-87.634,7529,1736,23.058
41.858,-87.641,1002,231,23.054
41.916,-87.670,217,50,23.041
41.972,-87.703,178,41,23.034
41.895,-87.638,3339,768,23.001
41.893,-87.651,248,57,22.984
41.830,-87.680,74,17,22.973
41.699,-87.669,105,24,22.857
41.896,-87.661,1880,429,22.819
41.920,-87.710,1418,323,22.779
41.886,-87.617,66,15,22.727
42.048,-87.698,326,74,22.699
41.870,-87.690,141,32,22.695
41.903,-87.684,1309,297,22.689
41.881,-87.630,4391,994,22.637
41.903,-87.632,71,16,22.535
41.897,-87.634,2432,547,22.492
41.892,-87.648,4537,1020,22.482
41.793,-87.703,89,20,22.472
41.872,-87.696,89,20,22.472
41.890,-87.650,6148,1381,22.463
41.879,-87.636,2943,661,22.460
41.924,-87.676,922,207,22.451
41.953,-87.762,156,35,22.436
41.903,-87.687,1725,387,22.435
41.937,-87.641,134,30,22.388
41.903,-87.668,367,82,22.343
41.896,-87.649,282,63,22.340
41.980,-87.680,426,95,22.300
41.871,-87.631,1682,374,22.235
41.976,-87.701,549,122,22.222
41.890,-87.672,977,217,22.211
41.899,-87.649,718,159,22.145
41.938,-87.722,131,29,22.137
42.064,-87.699,646,143,22.136
41.883,-87.634,855,189,22.105
42.009,-87.674,1267,280,22.099
41.659,-87.551,68,15,22.059
41.903,-87.634,7550,1665,22.053
41.892,-87.659,2170,478,22.028
41.990,-87.670,1128,248,21.986
41.883,-87.632,587,129,21.976
41.910,-87.640,2209,485,21.956
41.990,-87.680,82,18,21.951
41.961,-87.701,410,90,21.951
41.908,-87.686,766,168,21.932
42.040,-87.690,73,16,21.918
41.850,-87.660,96,21,21.875
41.739,-87.696,96,21,21.875
41.789,-87.601,1380,301,21.812
41.875,-87.673,878,191,21.754
41.910,-87.648,4929,1072,21.749
41.913,-87.681,437,95,21.739
41.880,-87.643,2077,451,21.714
41.839,-87.666,415,90,21.687
41.840,-87.670,97,21,21.649
42.013,-87.674,278,60,21.583
41.882,-87.649,4958,1067,21.521
41.922,-87.707,1398,300,21.459
41.892,-87.677,1613,346,21.451
41.872,-87.651,2143,458,21.372
41.926,-87.766,75,16,21.333
41.854,-87.715,338,72,21.302
41.908,-87.639,1419,302,21.283
41.998,-87.765,141,30,21.277
41.891,-87.636,80,17,21.250
41.896,-87.672,1615,343,21.238
41.936,-87.678,1583,336,21.226
41.862,-87.651,1072,227,21.175
41.910,-87.697,1403,297,21.169
41.827,-87.683,137,29,21.168
41.950,-87.706,274,58,21.168
41.887,-87.745,52,11,21.154
41.870,-87.654,260,55,21.154
41.954,-87.693,52,11,21.154
41.838,-87.640,161,34,21.118
42.026,-87.684,460,97,21.087
41.925,-87.728,337,71,21.068
41.900,-87.682,247,52,21.053
41.760,-87.590,57,12,21.053
41.914,-87.756,95,20,21.053
41.903,-87.709,747,157,21.017
41.794,-87.601,3903,820,21.009
42.010,-87.670,462,97,20.996
41.878,-87.650,3897,817,20.965
41.905,-87.641,1323,277,20.937
41.830,-87.620,292,61,20.890
41.873,-87.634,3581,748,20.888
41.901,-87.663,1908,398,20.860
41.899,-87.630,6785,1414,20.840
41.880,-87.660,2400,500,20.833
41.923,-87.688,149,31,20.805
41.904,-87.670,1135,236,20.793
41.950,-87.767,77,16,20.779
41.887,-87.653,289,60,20.761
41.975,-87.693,588,122,20.748
41.897,-87.629,9398,1947,20.717
41.829,-87.681,517,107,20.696
41.889,-87.644,5940,1229,20.690
41.903,-87.674,3090,639,20.680
41.875,-87.633,2816,581,20.632
41.946,-87.731,291,60,20.619
41.879,-87.630,3155,650,20.602
41.910,-87.644,1775,365,20.563
41.940,-87.710,608,125,20.559
41.918,-87.653,1270,261,20.551
41.914,-87.653,1962,403,20.540
41.886,-87.648,2756,566,20.537
41.817,-87.619,327,67,20.489
41.907,-87.667,2426,497,20.486
41.895,-87.632,3633,744,20.479
42.012,-87.683,299,61,20.401
41.912,-87.677,922,188,20.390
41.980,-87.678,584,119,20.377
41.885,-87.637,373,76,20.375
41.910,-87.724,221,45,20.362
42.030,-87.680,285,58,20.351
41.884,-87.654,3463,704,20.329
41.920,-87.642,748,152,20.321
41.911,-87.639,3834,779,20.318
41.980,-87.810,64,13,20.313
41.881,-87.696,128,26,20.313
41.865,-87.647,2690,546,20.297
41.929,-87.669,1651,335,20.291
41.703,-87.536,69,14,20.290
41.922,-87.639,3614,732,20.255
41.920,-87.660,2790,565,20.251
41.878,-87.644,3305,669,20.242
41.870,-87.650,1339,271,20.239
41.900,-87.630,9476,1917,20.230
41.921,-87.673,743,150,20.188
41.970,-87.680,982,198,20.163
41.858,-87.646,1498,301,20.093
41.930,-87.680,1498,301,20.093
41.939,-87.693,707,142,20.085
41.900,-87.668,1454,292,20.083
41.934,-87.691,488,98,20.082
41.870,-87.639,1788,359,20.078
41.911,-87.649,3457,694,20.075
41.799,-87.601,1531,307,20.052
41.870,-87.640,1182,237,20.051
41.870,-87.680,429,86,20.047
42.050,-87.690,444,89,20.045
41.932,-87.653,4803,962,20.029
41.892,-87.617,65,13,20.000
41.800,-87.610,65,13,20.000
42.040,-87.670,125,25,20.000
41.883,-87.661,1829,365,19.956
41.903,-87.631,7859,1568,19.952
41.858,-87.656,1920,383,19.948
41.823,-87.690,276,55,19.928
41.939,-87.712,1581,315,19.924
41.913,-87.664,949,189,19.916
41.790,-87.590,1332,265,19.895
41.800,-87.725,372,74,19.892
41.835,-87.632,689,137,19.884
41.800,-87.590,1943,386,19.866
41.883,-87.651,2386,474,19.866
41.941,-87.701,343,68,19.825
42.000,-87.710,91,18,19.780
41.869,-87.655,1866,369,19.775
41.880,-87.650,5692,1125,19.765
41.875,-87.657,1189,235,19.765
41.785,-87.601,4038,797,19.737
41.910,-87.650,3533,697,19.728
41.915,-87.643,1303,257,19.724
41.885,-87.652,3419,674,19.713
41.917,-87.749,66,13,19.697
41.886,-87.625,61,12,19.672
41.867,-87.649,1642,323,19.671
41.987,-87.690,163,32,19.632
41.933,-87.666,1867,366,19.604
42.000,-87.670,701,137,19.544
41.918,-87.657,2772,541,19.517
41.908,-87.632,4856,947,19.502
41.907,-87.635,5531,1078,19.490
41.891,-87.667,1669,325,19.473
41.887,-87.647,422,82,19.431
41.897,-87.631,3692,717,19.420
41.799,-87.595,3478,675,19.408
41.940,-87.700,738,143,19.377
41.884,-87.644,2287,443,19.370
41.860,-87.650,787,152,19.314
41.806,-87.624,57,11,19.298
41.900,-87.670,2541,490,19.284
41.976,-87.709,384,74,19.271
41.990,-87.693,187,36,19.251
41.858,-87.651,1716,330,19.231
41.880,-87.750,52,10,19.231
41.969,-87.684,1160,223,19.224
41.929,-87.684,1233,237,19.221
41.980,-87.682,791,152,19.216
41.848,-87.685,328,63,19.207
41.943,-87.740,141,27,19.149
41.949,-87.659,653,125,19.142
41.791,-87.600,4834,925,19.135
41.954,-87.719,596,114,19.128
41.958,-87.649,89,17,19.101
41.896,-87.668,1673,319,19.068
41.743,-87.702,63,12,19.048
41.944,-87.671,415,79,19.036
41.880,-87.656,1834,349,19.029
41.885,-87.706,247,47,19.028
41.927,-87.641,1310,249,19.008
41.884,-87.657,1247,237,19.006
41.887,-87.623,58,11,18.966
41.925,-87.714,1024,194,18.945
41.890,-87.653,602,114,18.937
41.814,-87.597,571,108,18.914
41.926,-87.654,5200,983,18.904
41.830,-87.610,217,41,18.894
41.905,-87.710,90,17,18.889
41.810,-87.616,297,56,18.855
41.967,-87.679,1868,352,18.844
41.939,-87.724,913,172,18.839
41.830,-87.650,393,74,18.830
41.875,-87.650,2682,505,18.829
42.020,-87.690,85,16,18.824
41.903,-87.669,2519,474,18.817
41.800,-87.600,1096,206,18.796
42.005,-87.661,862,162,18.794
41.901,-87.677,2209,415,18.787
41.870,-87.660,953,179,18.783
42.033,-87.679,1198,225,18.781
41.899,-87.672,1539,289,18.778
41.933,-87.642,671,126,18.778
41.922,-87.702,128,24,18.750
41.831,-87.656,400,75,18.750
42.048,-87.683,2378,445,18.713
41.886,-87.647,449,84,18.708
41.929,-87.664,2648,495,18.693
41.878,-87.635,5209,973,18.679
41.779,-87.645,75,14,18.667
41.930,-87.750,59,11,18.644
41.844,-87.695,59,11,18.644
42.009,-87.690,279,52,18.638
41.924,-87.649,784,146,18.622
41.930,-87.643,5314,989,18.611
42.010,-87.690,86,16,18.605
41.869,-87.659,1495,278,18.595
42.019,-87.664,603,112,18.574
41.920,-87.720,862,160,18.561
41.774,-87.577,291,54,18.557
41.858,-87.669,1466,272,18.554
41.891,-87.632,8020,1487,18.541
41.890,-87.680,788,146,18.528
41.958,-87.674,988,183,18.522
41.878,-87.662,1276,235,18.417
42.057,-87.687,864,159,18.403
41.950,-87.747,174,32,18.391
41.914,-87.649,2534,466,18.390
41.894,-87.629,7277,1338,18.387
41.994,-87.689,332,61,18.373
41.938,-87.698,1204,221,18.355
41.903,-87.692,60,11,18.333
41.890,-87.630,13262,2430,18.323
41.954,-87.648,3983,728,18.278
41.910,-87.682,1813,331,18.257
41.883,-87.650,374,68,18.182
41.970,-87.730,88,16,18.182
41.954,-87.741,176,32,18.182
41.922,-87.802,99,18,18.182
41.967,-87.667,2850,518,18.175
41.921,-87.664,501,91,18.164
41.907,-87.682,325,59,18.154
42.016,-87.669,1137,206,18.118
41.980,-87.690,315,57,18.095
41.883,-87.657,1267,229,18.074
41.924,-87.721,83,15,18.072
41.847,-87.647,1068,193,18.071
41.830,-87.670,238,43,18.067
41.936,-87.653,4053,732,18.061
41.970,-87.670,2267,409,18.041
41.810,-87.710,61,11,18.033
41.962,-87.666,2456,442,17.997
41.929,-87.649,4790,862,17.996
42.008,-87.666,1090,196,17.982
41.909,-87.678,2803,504,17.981
41.940,-87.659,3785,680,17.966
41.939,-87.683,1416,254,17.938
41.950,-87.730,368,66,17.935
41.949,-87.675,1180,211,17.881
41.920,-87.640,6080,1086,17.862
41.884,-87.649,3130,559,17.859
41.920,-87.650,6379,1139,17.855
41.892,-87.689,577,103,17.851
41.790,-87.600,3239,578,17.845
41.910,-87.670,4684,835,17.827
41.855,-87.654,606,108,17.822
41.970,-87.700,292,52,17.808
41.922,-87.654,3968,706,17.792
41.918,-87.644,2743,488,17.791
41.872,-87.630,4696,835,17.781
41.942,-87.747,90,16,17.778
41.895,-87.695,225,40,17.778
41.859,-87.696,107,19,17.757
41.922,-87.659,282,50,17.730
41.888,-87.756,79,14,17.722
42.000,-87.680,175,31,17.714
41.942,-87.732,96,17,17.708
41.801,-87.687,96,17,17.708
41.918,-87.652,3891,689,17.708
41.970,-87.760,209,37,17.703
41.803,-87.665,102,18,17.647
41.780,-87.590,329,58,17.629
41.897,-87.622,4065,716,17.614
41.792,-87.587,1834,323,17.612
41.956,-87.680,1522,268,17.608
41.926,-87.658,2751,484,17.594
41.780,-87.616,108,19,17.593
41.954,-87.686,580,102,17.586
41.871,-87.626,4800,844,17.583
41.869,-87.686,364,64,17.582
41.911,-87.653,3064,538,17.559
41.860,-87.690,188,33,17.553
42.020,-87.670,433,76,17.552
41.910,-87.740,57,10,17.544
41.929,-87.659,1956,343,17.536
41.947,-87.659,657,115,17.504
41.896,-87.626,4426,774,17.488
41.924,-87.646,4486,784,17.477
41.955,-87.674,1363,238,17.461
41.787,-87.624,63,11,17.460
41.930,-87.640,7207,1257,17.441
42.035,-87.699,281,49,17.438
42.040,-87.700,109,19,17.431
41.918,-87.682,1578,275,17.427
41.780,-87.600,551,96,17.423
41.844,-87.642,138,24,17.391
41.936,-87.648,4152,722,17.389
41.941,-87.669,2527,439,17.372
41.922,-87.739,104,18,17.308
41.920,-87.750,52,9,17.308
41.951,-87.655,237,41,17.300
41.962,-87.755,133,23,17.293
41.941,-87.678,1174,203,17.291
41.889,-87.627,4664,806,17.281
41.950,-87.720,278,48,17.266
41.958,-87.655,2702,466,17.246
41.896,-87.677,3039,524,17.243
41.910,-87.730,87,15,17.241
41.931,-87.744,58,10,17.241
42.030,-87.690,116,20,17.241
41.939,-87.664,2780,479,17.230
41.930,-87.670,1881,324,17.225
41.910,-87.630,14579,2509,17.210
41.814,-87.666,93,16,17.204
41.943,-87.671,1994,343,17.202
41.852,-87.691,134,23,17.164
41.974,-87.750,105,18,17.143
41.854,-87.686,391,67,17.136
41.890,-87.690,321,55,17.134
41.966,-87.701,397,68,17.128
41.947,-87.683,1092,187,17.125
41.879,-87.632,1940,332,17.113
41.840,-87.630,304,52,17.105
41.911,-87.690,1497,256,17.101
41.965,-87.658,3136,536,17.092
41.933,-87.648,2670,456,17.079
41.910,-87.720,369,63,17.073
41.850,-87.650,205,35,17.073
41.961,-87.776,82,14,17.073
41.795,-87.619,545,93,17.064
41.902,-87.628,4572,780,17.060
41.969,-87.761,611,104,17.021
41.808,-87.697,100,17,17.000
41.814,-87.693,253,43,16.996
41.790,-87.700,53,9,16.981
41.930,-87.690,1085,184,16.959
41.963,-87.656,578,98,16.955
41.878,-87.626,118,20,16.949
41.870,-87.630,4013,679,16.920
41.961,-87.717,532,90,16.917
41.912,-87.635,8951,1513,16.903
41.916,-87.687,2499,422,16.887
41.883,-87.649,2198,371,16.879
41.896,-87.699,670,113,16.866
41.940,-87.680,2065,348,16.852
42.013,-87.666,647,109,16.847
41.954,-87.664,2464,415,16.843
41.960,-87.787,95,16,16.842
41.946,-87.703,333,56,16.817
41.930,-87.708,381,64,16.798
41.940,-87.653,7022,1179,16.790
41.928,-87.736,137,23,16.788
41.908,-87.673,3037,508,16.727
41.918,-87.697,1473,246,16.701
41.875,-87.686,623,104,16.693
41.958,-87.650,3345,558,16.682
41.915,-87.668,2368,395,16.681
41.912,-87.669,72,12,16.667
41.900,-87.610,54,9,16.667
41.881,-87.687,427,71,16.628
41.932,-87.659,3113,517,16.608
41.835,-87.618,813,135,16.605
41.920,-87.678,1822,302,16.575
41.719,-87.608,133,22,16.541
41.932,-87.739,133,22,16.541
41.951,-87.669,1657,274,16.536
41.819,-87.643,121,20,16.529
41.831,-87.618,484,80,16.529
41.954,-87.709,351,58,16.524
41.960,-87.650,3227,533,16.517
41.970,-87.690,1297,214,16.500
42.065,-87.715,279,46,16.487
41.950,-87.659,443,73,16.479
41.960,-87.690,577,95,16.464
41.842,-87.657,298,49,16.443
41.784,-87.614,140,23,16.429
41.960,-87.670,1225,201,16.408
41.930,-87.650,7131,1170,16.407
41.930,-87.660,4177,685,16.399
42.060,-87.680,1671,274,16.397
41.940,-87.640,8368,1369,16.360
41.932,-87.678,1119,183,16.354
42.020,-87.680,361,59,16.343
41.904,-87.630,875,143,16.343
41.961,-87.676,1776,290,16.329
41.910,-87.680,3500,570,16.286
42.050,-87.680,2543,414,16.280
41.918,-87.691,1358,221,16.274
41.918,-87.689,375,61,16.267
42.050,-87.670,873,142,16.266
42.040,-87.680,412,67,16.262
41.795,-87.596,2791,453,16.231
41.949,-87.654,111,18,16.216
41.900,-87.690,1613,261,16.181
42.060,-87.670,1094,177,16.179
41.963,-87.679,1169,189,16.168
41.914,-87.705,1456,235,16.140
41.962,-87.671,1236,199,16.100
41.844,-87.710,87,14,16.092
41.962,-87.691,864,139,16.088
42.058,-87.677,2894,465,16.068
41.822,-87.622,137,22,16.058
41.772,-87.693,81,13,16.049
41.810,-87.600,187,30,16.043
41.890,-87.620,9701,1556,16.040
41.920,-87.680,1949,312,16.008
41.831,-87.647,938,150,15.991
41.860,-87.680,213,34,15.962
41.968,-87.730,188,30,15.957
41.900,-87.697,1899,303,15.956
42.030,-87.710,69,11,15.942
41.956,-87.765,270,43,15.926
41.936,-87.664,4114,655,15.921
41.946,-87.646,6055,964,15.921
41.926,-87.639,5465,870,15.919
41.854,-87.647,849,135,15.901
41.965,-87.663,126,20,15.873
41.945,-87.824,63,10,15.873
41.890,-87.670,1016,161,15.846
41.920,-87.690,1957,310,15.841
41.913,-87.678,215,34,15.814
41.900,-87.680,2018,319,15.808
41.973,-87.668,4288,677,15.788
41.860,-87.640,260,41,15.769
41.934,-87.707,514,81,15.759
41.938,-87.644,5699,898,15.757
41.780,-87.610,191,30,15.707
41.876,-87.631,2687,422,15.705
41.960,-87.710,465,73,15.699
41.744,-87.599,51,8,15.686
41.685,-87.671,51,8,15.686
41.950,-87.710,504,79,15.675
41.978,-87.668,1302,204,15.668
41.922,-87.644,5489,859,15.649
41.802,-87.645,96,15,15.625
41.945,-87.799,192,30,15.625
41.840,-87.650,506,79,15.613
41.980,-87.716,186,29,15.591
42.004,-87.705,135,21,15.556
41.850,-87.640,373,58,15.550
41.907,-87.626,3730,580,15.550
41.867,-87.695,148,23,15.541
41.885,-87.628,4911,763,15.537
41.808,-87.677,245,38,15.510
41.923,-87.697,3721,577,15.507
41.878,-87.674,516,80,15.504
41.840,-87.640,200,31,15.500
41.773,-87.585,155,24,15.484
41.920,-87.693,1647,255,15.483
41.855,-87.664,956,148,15.481
41.980,-87.710,84,13,15.476
41.940,-87.705,265,41,15.472
41.774,-87.606,181,28,15.470
41.927,-87.698,1003,155,15.454
41.960,-87.700,356,55,15.449
41.898,-87.687,2026,313,15.449
41.910,-87.690,1218,188,15.435
41.838,-87.635,713,110,15.428
41.954,-87.704,253,39,15.415
41.954,-87.691,305,47,15.410
41.840,-87.620,396,61,15.404
41.910,-87.710,818,126,15.403
41.940,-87.670,3295,507,15.387
42.000,-87.700,65,10,15.385
41.973,-87.779,117,18,15.385
42.020,-87.700,156,24,15.385
41.910,-87.750,65,10,15.385
41.931,-87.712,91,14,15.385
41.946,-87.673,1217,187,15.366
41.786,-87.605,1051,161,15.319
41.956,-87.669,823,126,15.310
41.879,-87.626,3554,544,15.307
41.858,-87.632,255,39,15.294
41.990,-87.710,72,11,15.278
41.867,-87.626,5800,886,15.276
41.864,-87.624,3578,546,15.260
41.916,-87.785,105,16,15.238
41.929,-87.654,4975,758,15.236
41.949,-87.646,5323,811,15.236
41.984,-87.669,2141,326,15.227
42.030,-87.700,138,21,15.217
41.906,-87.672,388,59,15.206
41.920,-87.630,8359,1270,15.193
41.962,-87.655,3757,570,15.172
41.960,-87.660,1148,174,15.157
41.867,-87.641,2079,315,15.152
41.940,-87.645,4245,643,15.147
41.860,-87.630,898,136,15.145
41.939,-87.650,185,28,15.135
41.916,-87.677,3795,574,15.125
42.019,-87.674,853,129,15.123
41.920,-87.649,3757,568,15.118
41.934,-87.734,86,13,15.116
41.781,-87.596,86,13,15.116
41.958,-87.688,245,37,15.102
41.879,-87.669,212,32,15.094
41.902,-87.734,53,8,15.094
41.936,-87.644,1479,223,15.078
41.861,-87.657,922,139,15.076
41.795,-87.724,73,11,15.068
41.888,-87.765,73,11,15.068
41.788,-87.590,2191,330,15.062
41.970,-87.660,2158,325,15.060
42.002,-87.689,279,42,15.054
41.871,-87.641,525,79,15.048
41.805,-87.704,545,82,15.046
41.876,-87.629,2385,358,15.010
41.850,-87.641,220,33,15.000
41.860,-87.720,60,9,15.000
41.810,-87.663,107,16,14.953
41.789,-87.596,2108,315,14.943
41.770,-87.590,87,13,14.943
41.883,-87.627,1065,159,14.930
41.932,-87.642,1409,210,14.904
41.948,-87.829,54,8,14.815
42.010,-87.660,270,40,14.815
41.944,-87.649,4851,718,14.801
41.903,-87.678,2650,392,14.792
41.950,-87.714,352,52,14.773
41.930,-87.720,806,119,14.764
41.918,-87.702,1959,289,14.752
41.949,-87.649,5183,764,14.740
41.946,-87.659,346,51,14.740
41.954,-87.654,4425,651,14.712
41.788,-87.599,1360,200,14.706
41.900,-87.710,204,30,14.706
41.961,-87.745,415,61,14.699
41.940,-87.690,783,115,14.687
41.969,-87.658,1996,293,14.679
41.770,-87.570,150,22,14.667
41.839,-87.717,116,17,14.655
41.980,-87.700,116,17,14.655
41.838,-87.659,116,17,14.655
41.980,-87.650,2425,355,14.639
41.984,-87.696,205,30,14.634
41.831,-87.641,465,68,14.624
41.916,-87.635,9253,1352,14.611
41.850,-87.620,1309,191,14.591
41.924,-87.751,96,14,14.583
41.912,-87.688,247,36,14.575
41.896,-87.679,206,30,14.563
41.930,-87.730,261,38,14.559
41.943,-87.680,1491,217,14.554
41.944,-87.664,5640,820,14.539
41.890,-87.626,3323,483,14.535
41.968,-87.773,117,17,14.530
41.835,-87.626,1115,162,14.529
41.946,-87.757,186,27,14.516
41.930,-87.766,62,9,14.516
41.946,-87.656,875,127,14.514
41.860,-87.660,786,114,14.504
41.960,-87.750,138,20,14.493
41.900,-87.620,9501,1375,14.472
41.950,-87.660,7502,1080,14.396
42.050,-87.678,2517,362,14.382
41.931,-87.639,4290,615,14.336
42.019,-87.690,363,52,14.325
41.952,-87.677,1405,201,14.306
41.945,-87.654,944,135,14.301
41.991,-87.697,56,8,14.286
41.970,-87.740,112,16,14.286
41.949,-87.653,56,8,14.286
41.917,-87.735,189,27,14.286
41.955,-87.671,154,22,14.286
41.930,-87.790,63,9,14.286
41.955,-87.651,154,22,14.286
41.900,-87.720,91,13,14.286
41.931,-87.644,4080,582,14.265
41.920,-87.700,1819,259,14.239
41.891,-87.627,8960,1275,14.230
41.887,-87.622,3836,544,14.181
41.909,-87.677,3301,468,14.178
41.950,-87.680,1531,217,14.174
41.949,-87.655,5645,800,14.172
41.943,-87.687,847,120,14.168
41.972,-87.709,106,15,14.151
41.950,-87.640,3902,552,14.147
41.810,-87.620,99,14,14.141
41.886,-87.624,8181,1156,14.130
41.963,-87.685,1736,245,14.113
42.053,-87.673,1106,156,14.105
41.831,-87.633,910,128,14.066
41.760,-87.660,57,8,14.035
41.790,-87.580,670,94,14.030
41.874,-87.726,100,14,14.000
41.961,-87.736,300,42,14.000
41.940,-87.660,4086,572,13.999
41.999,-87.671,996,139,13.956
41.790,-87.689,129,18,13.953
41.980,-87.670,3025,422,13.950
41.914,-87.683,3140,438,13.949
41.850,-87.690,294,41,13.946
41.895,-87.706,208,29,13.942
41.990,-87.660,3642,506,13.893
41.966,-87.782,144,20,13.889
41.788,-87.588,612,85,13.889
41.953,-87.758,274,38,13.869
41.954,-87.750,260,36,13.846
41.895,-87.618,4095,567,13.846
41.925,-87.689,970,134,13.814
41.930,-87.700,1484,205,13.814
42.013,-87.709,210,29,13.810
41.960,-87.680,1507,208,13.802
41.838,-87.651,1038,143,13.776
41.862,-87.693,211,29,13.744
41.806,-87.592,313,43,13.738
41.978,-87.660,1929,265,13.738
41.690,-87.610,51,7,13.725
41.855,-87.676,913,125,13.691
41.929,-87.708,3395,464,13.667
41.923,-87.656,300,41,13.667
41.960,-87.740,227,31,13.656
41.950,-87.750,154,21,13.636
41.795,-87.584,132,18,13.636
41.799,-87.586,1996,272,13.627
41.781,-87.606,279,38,13.620
41.945,-87.655,7178,976,13.597
41.940,-87.650,8897,1208,13.578
41.953,-87.650,3720,505,13.575
41.979,-87.693,199,27,13.568
41.880,-87.690,199,27,13.568
41.950,-87.650,5853,793,13.549
41.802,-87.749,96,13,13.542
41.951,-87.659,4527,613,13.541
41.916,-87.673,133,18,13.534
41.952,-87.698,747,101,13.521
41.974,-87.660,1985,268,13.501
41.808,-87.725,52,7,13.462
41.802,-87.587,2006,270,13.460
41.968,-87.712,706,95,13.456
41.978,-87.669,2246,302,13.446
41.950,-87.690,640,86,13.438
41.728,-87.550,67,9,13.433
42.012,-87.700,149,20,13.423
41.880,-87.680,477,64,13.417
41.870,-87.711,82,11,13.415
41.970,-87.655,1500,201,13.400
41.877,-87.628,3058,409,13.375
41.892,-87.621,6084,810,13.314
41.970,-87.650,1593,212,13.308
41.838,-87.645,872,116,13.303
41.858,-87.662,1431,190,13.277
41.993,-87.784,113,15,13.274
41.867,-87.632,2513,333,13.251
41.961,-87.650,3420,453,13.246
41.839,-87.622,657,87,13.242
41.902,-87.725,68,9,13.235
42.064,-87.686,469,62,13.220
41.923,-87.685,53,7,13.208
41.712,-87.668,197,26,13.198
41.950,-87.670,2372,313,13.196
41.910,-87.785,91,12,13.187
41.930,-87.710,1761,232,13.174
41.775,-87.729,76,10,13.158
41.892,-87.623,534,70,13.109
41.947,-87.654,4083,535,13.103
41.899,-87.622,5366,703,13.101
41.918,-87.640,733,96,13.097
41.931,-87.801,107,14,13.084
41.952,-87.664,92,12,13.043
41.966,-87.689,345,45,13.043
41.939,-87.754,92,12,13.043
41.931,-87.751,77,10,12.987
41.980,-87.660,1656,215,12.983
41.824,-87.651,108,14,12.963
41.969,-87.718,108,14,12.963
42.060,-87.690,224,29,12.946
41.834,-87.671,170,22,12.941
41.790,-87.630,85,11,12.941
41.830,-87.660,93,12,12.903
41.939,-87.653,155,20,12.903
41.991,-87.670,892,115,12.892
41.941,-87.639,7293,940,12.889
41.948,-87.664,4938,635,12.859
41.880,-87.670,1495,192,12.843
41.936,-87.670,1698,218,12.839
41.860,-87.626,2356,302,12.818
41.803,-87.590,1228,157,12.785
41.960,-87.640,3302,422,12.780
41.900,-87.700,494,63,12.753
42.023,-87.700,165,21,12.727
41.671,-87.632,118,15,12.712
41.917,-87.710,1732,220,12.702
41.886,-87.618,5051,639,12.651
41.751,-87.624,87,11,12.644
41.893,-87.617,7681,971,12.642
41.931,-87.724,934,118,12.634
41.982,-87.709,238,30,12.605
41.933,-87.636,7836,987,12.596
41.918,-87.649,540,68,12.593
41.884,-87.625,9326,1172,12.567
41.882,-87.625,3598,452,12.563
41.810,-87.590,279,35,12.545
41.960,-87.630,806,101,12.531
41.846,-87.622,894,112,12.528
41.793,-87.616,120,15,12.500
41.939,-87.749,104,13,12.500
41.853,-87.626,1456,182,12.500
41.896,-87.620,1953,243,12.442
41.918,-87.636,9231,1147,12.426
41.969,-87.696,644,80,12.422
42.016,-87.675,459,57,12.418
41.887,-87.626,5489,681,12.407
42.004,-87.672,621,77,12.399
41.878,-87.624,1339,166,12.397
41.968,-87.740,121,15,12.397
41.991,-87.684,210,26,12.381
41.891,-87.626,534,66,12.360
41.961,-87.706,681,84,12.335
41.970,-87.720,73,9,12.329
41.910,-87.705,803,99,12.329
41.868,-87.623,9177,1131,12.324
41.945,-87.707,601,74,12.313
41.842,-87.617,1446,178,12.310
41.910,-87.717,537,66,12.291
41.795,-87.588,114,14,12.281
41.769,-87.628,163,20,12.270
41.891,-87.619,8734,1071,12.262
41.740,-87.570,74,9,12.162
41.970,-87.640,1135,138,12.159
41.975,-87.725,107,13,12.150
41.960,-87.730,247,30,12.146
41.849,-87.676,239,29,12.134
41.928,-87.693,132,16,12.121
41.984,-87.660,1453,176,12.113
41.950,-87.700,314,38,12.102
41.968,-87.660,339,41,12.094
41.940,-87.720,600,72,12.000
41.740,-87.580,100,12,12.000
42.001,-87.661,1392,167,11.997
41.903,-87.697,1268,152,11.987
41.867,-87.685,267,32,11.985
41.939,-87.718,117,14,11.966
41.997,-87.711,344,41,11.919
41.874,-87.628,2954,352,11.916
41.781,-87.587,336,40,11.905
41.831,-87.627,774,92,11.886
41.910,-87.660,2005,238,11.870
41.898,-87.624,4322,513,11.870
41.961,-87.649,59,7,11.864
41.968,-87.753,59,7,11.864
42.005,-87.681,346,41,11.850
41.810,-87.610,110,13,11.818
41.830,-87.630,457,54,11.816
41.940,-87.630,1223,144,11.774
41.780,-87.570,170,20,11.765
41.892,-87.716,85,10,11.765
42.000,-87.660,663,78,11.765
41.894,-87.623,5673,667,11.757
41.937,-87.637,6095,714,11.715
41.960,-87.720,351,41,11.681
41.795,-87.581,4344,507,11.671
41.870,-87.624,5325,621,11.662
41.974,-87.733,163,19,11.656
41.967,-87.708,687,80,11.645
41.802,-87.618,292,34,11.644
42.070,-87.690,129,15,11.628
41.914,-87.717,879,102,11.604
41.940,-87.730,276,32,11.594
41.809,-87.689,69,8,11.594
41.865,-87.657,338,39,11.538
41.920,-87.730,156,18,11.538
41.968,-87.650,2035,234,11.499
41.912,-87.632,4212,484,11.491
41.953,-87.669,61,7,11.475
41.854,-87.705,244,28,11.475
41.828,-87.695,61,7,11.475
41.910,-87.734,96,11,11.458
41.823,-87.677,131,15,11.450
41.780,-87.591,315,36,11.429
41.830,-87.640,184,21,11.413
41.973,-87.655,2504,285,11.382
41.843,-87.635,413,47,11.380
41.850,-87.630,1595,181,11.348
41.990,-87.650,830,94,11.325
41.947,-87.653,2080,235,11.298
41.880,-87.629,62,7,11.290
41.917,-87.729,204,23,11.275
41.860,-87.670,356,40,11.236
41.961,-87.695,955,107,11.204
41.995,-87.660,2220,248,11.171
41.780,-87.580,269,30,11.152
41.946,-87.779,54,6,11.111
41.799,-87.584,63,7,11.111
41.816,-87.635,63,7,11.111
41.820,-87.620,118,13,11.017
41.946,-87.657,665,73,10.977
41.906,-87.755,82,9,10.976
41.947,-87.695,1067,117,10.965
41.786,-87.674,64,7,10.938
41.943,-87.730,64,7,10.938
41.997,-87.738,119,13,10.924
41.956,-87.748,55,6,10.909
41.932,-87.701,1084,118,10.886
41.806,-87.683,258,28,10.853
41.770,-87.630,212,23,10.849
41.774,-87.568,425,46,10.824
41.941,-87.649,74,8,10.811
41.803,-87.607,287,31,10.801
41.810,-87.599,426,46,10.798
41.968,-87.720,139,15,10.791
41.836,-87.614,547,59,10.786
41.912,-87.627,19028,2052,10.784
41.885,-87.620,7716,831,10.770
41.800,-87.580,782,84,10.742
41.760,-87.560,56,6,10.714
41.966,-87.688,1086,116,10.681
41.810,-87.607,103,11,10.680
41.961,-87.729,253,27,10.672
41.977,-87.768,113,12,10.619
41.876,-87.624,4207,445,10.578
42.012,-87.688,208,22,10.577
42.011,-87.662,738,78,10.569
41.857,-87.634,1183,125,10.566
41.970,-87.710,296,31,10.473
41.832,-87.678,86,9,10.465
41.781,-87.576,822,86,10.462
41.848,-87.715,134,14,10.448
41.850,-87.670,211,22,10.427
41.825,-87.617,470,49,10.426
41.987,-87.778,77,8,10.390
41.895,-87.775,77,8,10.390
41.879,-87.624,4932,512,10.381
41.925,-87.701,1758,182,10.353
41.953,-87.798,58,6,10.345
41.935,-87.717,1035,107,10.338
41.827,-87.646,271,28,10.332
41.891,-87.622,5324,550,10.331
41.953,-87.807,117,12,10.256
41.858,-87.619,3414,350,10.252
41.860,-87.620,2102,215,10.228
41.814,-87.704,88,9,10.227
41.944,-87.645,255,26,10.196
41.925,-87.778,157,16,10.191
41.859,-87.703,79,8,10.127
41.881,-87.675,1219,123,10.090
41.953,-87.775,159,16,10.063
41.853,-87.632,3058,307,10.039
41.845,-87.716,80,8,10.000
41.688,-87.536,80,8,10.000
41.845,-87.702,80,8,10.000
41.930,-87.630,4924,491,9.972
41.984,-87.652,5393,537,9.957
41.850,-87.632,894,89,9.955
41.779,-87.587,131,13,9.924
41.888,-87.774,212,21,9.906
41.858,-87.624,3250,320,9.846
41.722,-87.623,325,32,9.846
41.927,-87.651,569,56,9.842
41.981,-87.773,61,6,9.836
41.760,-87.570,51,5,9.804
41.866,-87.730,92,9,9.783
42.019,-87.685,225,22,9.778
41.820,-87.610,133,13,9.774
41.855,-87.631,1005,98,9.751
41.870,-87.710,62,6,9.677
41.978,-87.655,62,6,9.677
41.928,-87.747,62,6,9.677
41.926,-87.631,15452,1494,9.669
41.907,-87.660,807,78,9.665
41.808,-87.646,114,11,9.649
41.857,-87.628,960,92,9.583
41.844,-87.645,418,40,9.569
41.983,-87.738,189,18,9.524
41.940,-87.760,63,6,9.524
42.004,-87.699,200,19,9.500
41.877,-87.697,95,9,9.474
41.653,-87.547,53,5,9.434
41.988,-87.791,53,5,9.434
41.935,-87.796,53,5,9.434
41.809,-87.592,702,66,9.402
41.988,-87.703,96,9,9.375
41.854,-87.619,2464,230,9.334
41.691,-87.681,86,8,9.302
41.918,-87.707,280,26,9.286
41.942,-87.656,76,7,9.211
41.880,-87.610,777,71,9.138
41.859,-87.708,77,7,9.091
41.873,-87.624,10973,995,9.068
41.766,-87.586,133,12,9.023
41.870,-87.620,6089,547,8.983
41.939,-87.787,67,6,8.955
41.880,-87.620,7775,693,8.913
41.981,-87.761,101,9,8.911
41.770,-87.580,79,7,8.861
41.866,-87.706,79,7,8.861
41.966,-87.737,68,6,8.824
41.823,-87.641,91,8,8.791
41.795,-87.633,114,10,8.772
41.890,-87.700,57,5,8.772
41.964,-87.638,10342,907,8.770
41.994,-87.700,194,17,8.763
41.823,-87.666,160,14,8.750
41.816,-87.607,264,23,8.712
41.972,-87.650,2515,219,8.708
41.766,-87.566,508,44,8.661
41.823,-87.607,545,47,8.624
41.720,-87.660,58,5,8.621
41.890,-87.610,9171,789,8.603
41.705,-87.681,70,6,8.571
41.720,-87.620,82,7,8.537
41.690,-87.620,59,5,8.475
41.851,-87.619,4914,415,8.445
41.961,-87.722,83,7,8.434
41.890,-87.600,332,28,8.434
41.830,-87.600,216,18,8.333
41.850,-87.610,637,53,8.320
41.810,-87.630,97,8,8.247
41.762,-87.559,243,20,8.230
41.947,-87.656,414,34,8.213
41.850,-87.700,61,5,8.197
41.918,-87.647,393,32,8.142
41.747,-87.673,123,10,8.130
41.887,-87.613,15374,1236,8.040
41.886,-87.717,288,23,7.986
41.909,-87.752,63,5,7.937
41.738,-87.531,153,12,7.843
41.886,-87.672,102,8,7.843
41.920,-87.774,77,6,7.792
41.938,-87.762,167,13,7.784
41.780,-87.630,129,10,7.752
41.714,-87.531,91,7,7.692
41.854,-87.696,249,19,7.631
41.797,-87.626,92,7,7.609
41.790,-87.620,79,6,7.595
41.901,-87.624,22058,1657,7.512
41.883,-87.715,80,6,7.500
41.927,-87.785,281,21,7.473
41.766,-87.605,54,4,7.407
41.849,-87.695,149,11,7.383
41.700,-87.628,68,5,7.353
41.924,-87.636,6528,478,7.322
41.820,-87.600,391,28,7.161
41.865,-87.618,9811,701,7.145
41.857,-87.614,4288,305,7.113
41.840,-87.610,680,48,7.059
41.809,-87.633,187,13,6.952
41.990,-87.709,173,12,6.936
41.737,-87.573,58,4,6.897
41.842,-87.627,175,12,6.857
41.816,-87.685,88,6,6.818
41.860,-87.610,2777,189,6.806
41.728,-87.635,59,4,6.780
41.831,-87.609,1020,69,6.765
41.892,-87.612,52837,3542,6.704
41.777,-87.598,225,15,6.667
41.881,-87.624,18728,1244,6.642
41.792,-87.608,196,13,6.633
41.866,-87.607,9900,652,6.586
41.692,-87.610,61,4,6.557
41.792,-87.584,3252,213,6.550
41.881,-87.617,30714,1998,6.505
41.728,-87.668,124,8,6.452
41.870,-87.610,1953,126,6.452
41.767,-87.576,110,7,6.364
41.737,-87.623,126,8,6.349
41.787,-87.739,363,23,6.336
41.876,-87.621,2359,149,6.316
41.867,-87.616,399,25,6.266
41.899,-87.755,80,5,6.250
41.867,-87.615,16122,1001,6.209
41.743,-87.680,195,12,6.154
41.990,-87.732,84,5,5.952
41.967,-87.643,4060,240,5.911
41.953,-87.785,103,6,5.825
41.808,-87.731,69,4,5.797
41.870,-87.700,52,3,5.769
41.749,-87.704,70,4,5.714
41.799,-87.703,105,6,5.714
41.765,-87.693,55,3,5.455
41.880,-87.774,110,6,5.455
41.931,-87.761,55,3,5.455
41.880,-87.710,130,7,5.385
41.839,-87.609,2372,127,5.354
41.927,-87.634,2651,141,5.319
41.910,-87.770,57,3,5.263
41.913,-87.744,76,4,5.263
41.880,-87.763,58,3,5.172
41.848,-87.705,78,4,5.128
42.008,-87.705,138,7,5.072
41.770,-87.640,99,5,5.051
41.759,-87.587,125,6,4.800
41.736,-87.673,63,3,4.762
41.942,-87.767,106,5,4.717
41.938,-87.819,64,3,4.688
41.990,-87.715,66,3,4.545
41.691,-87.713,68,3,4.412
41.839,-87.608,1027,45,4.382
41.986,-87.768,92,4,4.348
41.705,-87.528,69,3,4.348
41.692,-87.530,144,6,4.167
41.996,-87.787,124,5,4.032
41.910,-87.769,77,3,3.896
41.823,-87.627,52,2,3.846
41.935,-87.767,53,2,3.774
41.758,-87.549,83,3,3.614
41.736,-87.601,56,2,3.571
41.792,-87.593,56,2,3.571
41.904,-87.722,93,3,3.226
41.912,-87.806,64,2,3.125
41.890,-87.622,65,2,3.077
41.710,-87.682,74,2,2.703
41.977,-87.837,177,4,2.260
41.699,-87.659,94,2,2.128
41.686,-87.574,193,4,2.073
41.703,-87.620,52,1,1.923
41.730,-87.640,53,1,1.887
41.938,-87.773,106,2,1.887
41.860,-87.700,221,4,1.810
41.710,-87.560,59,1,1.695
41.743,-87.605,65,1,1.538
41.839,-87.702,66,1,1.515
41.938,-87.774,79,1,1.266
41.880,-87.720,84,0,0.000
